Timestamp,BATTERY_PROPERTY_CURRENT_NOW,EXTRA_VOLTAGE,BATTERY_PROPERTY_CURRENT_AVERAGE,BATTERY_PROPERTY_CHARGE_COUNTER,BATTERY_PROPERTY_CAPACITY
1697995919148,229,4160,223,0,100
1697995919256,229,4160,223,0,100
1697995919365,229,4160,223,0,100
1697995919473,229,4160,223,0,100
1697995919598,229,4160,223,0,100
1697995919705,-266,4160,57,0,100
1697995919815,-266,4160,57,0,100
1697995919924,-266,4160,57,0,100
1697995920039,-266,4160,57,0,100
1697995920147,-266,4160,57,0,100
1697995920259,-266,4160,57,0,100
1697995920367,-266,4160,57,0,100
1697995920476,-266,4160,57,0,100
1697995920595,-266,4160,57,0,100
1697995920715,-266,4160,57,0,100
1697995920830,-266,4160,57,0,100
1697995920957,-266,4160,57,0,100
1697995921066,-266,4160,57,0,100
1697995921179,-266,4160,57,0,100
1697995921291,-266,4160,57,0,100
1697995921403,-266,4160,57,0,100
1697995921511,-266,4160,57,0,100
1697995921625,-266,4160,57,0,100
1697995921741,-266,4160,57,0,100
1697995921858,-266,4160,57,0,100
1697995921969,-266,4160,57,0,100
1697995922099,-266,4160,57,0,100
1697995922207,-266,4160,57,0,100
1697995922315,-266,4160,57,0,100
1697995922424,-266,4160,57,0,100
1697995922533,-266,4160,57,0,100
1697995922643,-266,4160,57,0,100
1697995922752,-266,4160,57,0,100
1697995922859,-266,4160,57,0,100
1697995922971,-266,4160,57,0,100
1697995923091,-266,4160,57,0,100
1697995923206,-266,4160,57,0,100
1697995923315,-266,4160,57,0,100
1697995923423,-266,4160,57,0,100
1697995923533,-266,4160,57,0,100
1697995923648,-266,4160,57,0,100
1697995923758,-266,4160,57,0,100
1697995923867,-266,4160,57,0,100
1697995923976,-266,4160,57,0,100
1697995924086,-266,4160,57,0,100
1697995924192,-266,4160,57,0,100
1697995924304,-266,4160,57,0,100
1697995924410,-266,4160,57,0,100
1697995924520,-266,4160,57,0,100
1697995924629,-266,4160,57,0,100
1697995924739,-266,4160,57,0,100
1697995924847,-266,4160,57,0,100
1697995924956,-266,4160,57,0,100
1697995925063,-266,4160,57,0,100
1697995925173,-266,4160,57,0,100
1697995925280,-266,4160,57,0,100
1697995925389,-266,4160,57,0,100
1697995925496,-266,4160,57,0,100
1697995925606,-266,4160,57,0,100
1697995925712,-266,4160,57,0,100
1697995925823,-266,4160,57,0,100
1697995925929,-266,4160,57,0,100
1697995926037,-266,4160,57,0,100
1697995926145,-266,4160,57,0,100
1697995926254,-266,4160,57,0,100
1697995926362,-266,4160,57,0,100
1697995926473,-266,4160,57,0,100
1697995926583,-266,4160,57,0,100
1697995926696,-266,4160,57,0,100
1697995926813,-266,4160,57,0,100
1697995926932,-266,4160,57,0,100
1697995927043,-266,4160,57,0,100
1697995927154,-266,4160,57,0,100
1697995927261,-266,4160,57,0,100
1697995927370,-266,4160,57,0,100
1697995927481,-266,4160,57,0,100
1697995927590,-266,4160,57,0,100
1697995927697,-266,4160,57,0,100
1697995927805,-266,4160,57,0,100
1697995927919,-266,4160,57,0,100
1697995928027,-266,4160,57,0,100
1697995928145,-266,4160,57,0,100
1697995928257,-266,4160,57,0,100
1697995928366,-266,4160,57,0,100
1697995928474,-266,4160,57,0,100
1697995928580,-266,4160,57,0,100
1697995928688,-266,4160,57,0,100
1697995928797,-266,4160,57,0,100
1697995928905,-266,4160,57,0,100
1697995929016,-266,4160,57,0,100
1697995929125,-266,4160,57,0,100
1697995929232,-266,4160,57,0,100
1697995929341,-266,4160,57,0,100
1697995929449,-266,4160,57,0,100
1697995929560,-266,4160,57,0,100
1697995929667,-266,4160,57,0,100
1697995929775,-266,4160,57,0,100
1697995929884,-266,4160,57,0,100
1697995929992,-266,4160,57,0,100
1697995930101,-266,4160,57,0,100
1697995930211,-295,4160,-129,0,100
1697995930318,-295,4160,-129,0,100
1697995930426,-295,4160,-129,0,100
1697995930535,-295,4160,-129,0,100
1697995930645,-295,4160,-129,0,100
1697995930753,-295,4160,-129,0,100
1697995930861,-295,4160,-129,0,100
1697995930969,-295,4160,-129,0,100
1697995931079,-295,4160,-129,0,100
1697995931188,-295,4160,-129,0,100
1697995931297,-295,4160,-129,0,100
1697995931407,-295,4160,-129,0,100
1697995931516,-295,4160,-129,0,100
1697995931624,-295,4160,-129,0,100
1697995931732,-295,4160,-129,0,100
1697995931842,-295,4160,-129,0,100
1697995931951,-295,4160,-129,0,100
1697995932060,-295,4160,-129,0,100
1697995932167,-295,4160,-129,0,100
1697995932284,-295,4160,-129,0,100
1697995932392,-295,4160,-129,0,100
1697995932500,-295,4160,-129,0,100
1697995932610,-295,4160,-129,0,100
1697995932717,-295,4160,-129,0,100
1697995932824,-295,4160,-129,0,100
1697995932932,-295,4160,-129,0,100
1697995933039,-295,4160,-129,0,100
1697995933146,-295,4160,-129,0,100
1697995933254,-295,4160,-129,0,100
1697995933361,-295,4160,-129,0,100
1697995933468,-295,4160,-129,0,100
1697995933577,-295,4160,-129,0,100
1697995933684,-295,4160,-129,0,100
1697995933791,-295,4160,-129,0,100
1697995933898,-295,4160,-129,0,100
1697995934004,-295,4160,-129,0,100
1697995934112,-295,4160,-129,0,100
1697995934219,-295,4160,-129,0,100
1697995934329,-295,4160,-129,0,100
1697995934436,-295,4160,-129,0,100
1697995934544,-295,4160,-129,0,100
1697995934650,-295,4160,-129,0,100
1697995934760,-295,4160,-129,0,100
1697995934867,-295,4160,-129,0,100
1697995934976,-295,4160,-129,0,100
1697995935084,-295,4160,-129,0,100
1697995935193,-295,4160,-129,0,100
1697995935302,-295,4160,-129,0,100
1697995935411,-295,4160,-129,0,100
1697995935517,-295,4160,-129,0,100
1697995935624,-295,4160,-129,0,100
1697995935733,-295,4160,-129,0,100
1697995935840,-295,4160,-129,0,100
1697995935948,-295,4160,-129,0,100
1697995936061,-295,4160,-129,0,100
1697995936169,-295,4160,-129,0,100
1697995936276,-295,4160,-129,0,100
1697995936384,-295,4160,-129,0,100
1697995936492,-295,4160,-129,0,100
1697995936599,-295,4160,-129,0,100
1697995936708,-295,4160,-129,0,100
1697995936815,-295,4160,-129,0,100
1697995936922,-295,4160,-129,0,100
1697995937029,-295,4160,-129,0,100
1697995937136,-295,4160,-129,0,100
1697995937244,-295,4160,-129,0,100
1697995937351,-295,4160,-129,0,100
1697995937457,-295,4160,-129,0,100
1697995937565,-295,4160,-129,0,100
1697995937674,-295,4160,-129,0,100
1697995937783,-295,4160,-129,0,100
1697995937891,-295,4160,-129,0,100
1697995937998,-295,4160,-129,0,100
1697995938104,-295,4160,-129,0,100
1697995938211,-295,4160,-129,0,100
1697995938320,-295,4160,-129,0,100
1697995938425,-295,4160,-129,0,100
1697995938531,-295,4160,-129,0,100
1697995938638,-295,4160,-129,0,100
1697995938744,-295,4160,-129,0,100
1697995938852,-295,4160,-129,0,100
1697995938960,-295,4160,-129,0,100
1697995939066,-295,4160,-129,0,100
1697995939174,-295,4160,-129,0,100
1697995939281,-295,4160,-129,0,100
1697995939389,-295,4160,-129,0,100
1697995939495,-295,4160,-129,0,100
1697995939603,-295,4160,-129,0,100
1697995939712,-295,4160,-129,0,100
1697995939819,-295,4160,-129,0,100
1697995939928,-295,4160,-129,0,100
1697995940038,-295,4160,-129,0,100
1697995940144,-295,4160,-129,0,100
1697995940252,-295,4160,-129,0,100
1697995940357,-295,4160,-129,0,100
1697995940465,-295,4160,-129,0,100
1697995940571,-295,4160,-129,0,100
1697995940676,-105,4160,-199,0,100
1697995940783,-105,4160,-199,0,100
1697995940891,-105,4160,-199,0,100
1697995940996,-105,4160,-199,0,100
1697995941102,-105,4160,-199,0,100
1697995941209,-105,4160,-199,0,100
1697995941315,-105,4160,-199,0,100
1697995941422,-105,4160,-199,0,100
1697995941527,-105,4160,-199,0,100
1697995941632,-105,4160,-199,0,100
1697995941738,-105,4160,-199,0,100
1697995941844,-105,4160,-199,0,100
1697995941951,-105,4160,-199,0,100
1697995942055,-105,4160,-199,0,100
1697995942161,-105,4160,-199,0,100
1697995942268,-105,4160,-199,0,100
1697995942372,-105,4160,-199,0,100
1697995942479,-105,4160,-199,0,100
1697995942587,-105,4160,-199,0,100
1697995942692,-105,4160,-199,0,100
1697995942798,-105,4160,-199,0,100
1697995942904,-105,4160,-199,0,100
1697995943011,-105,4160,-199,0,100
1697995943116,-105,4160,-199,0,100
1697995943222,-105,4160,-199,0,100
1697995943329,-105,4160,-199,0,100
1697995943435,-105,4160,-199,0,100
1697995943542,-105,4160,-199,0,100
1697995943648,-105,4160,-199,0,100
1697995943754,-105,4160,-199,0,100
1697995943860,-105,4160,-199,0,100
1697995943966,-105,4160,-199,0,100
1697995944072,-105,4160,-199,0,100
1697995944178,-105,4160,-199,0,100
1697995944283,-105,4160,-199,0,100
1697995944390,-105,4160,-199,0,100
1697995944496,-105,4160,-199,0,100
1697995944602,-105,4160,-199,0,100
1697995944708,-105,4160,-199,0,100
1697995944814,-105,4160,-199,0,100
1697995944920,-105,4160,-199,0,100
1697995945024,-105,4160,-199,0,100
1697995945130,-105,4160,-199,0,100
1697995945238,-105,4160,-199,0,100
1697995945343,-105,4160,-199,0,100
1697995945448,-105,4160,-199,0,100
1697995945555,-105,4160,-199,0,100
1697995945661,-105,4160,-199,0,100
1697995945767,-105,4160,-199,0,100
1697995945872,-105,4160,-199,0,100
1697995945978,-105,4160,-199,0,100
1697995946084,-105,4160,-199,0,100
1697995946191,-105,4160,-199,0,100
1697995946297,-105,4160,-199,0,100
1697995946403,-105,4160,-199,0,100
1697995946509,-105,4160,-199,0,100
1697995946614,-105,4160,-199,0,100
1697995946720,-105,4160,-199,0,100
1697995946825,-105,4160,-199,0,100
1697995946930,-105,4160,-199,0,100
1697995947038,-105,4160,-199,0,100
1697995947145,-105,4160,-199,0,100
1697995947250,-105,4160,-199,0,100
1697995947356,-105,4160,-199,0,100
1697995947462,-105,4160,-199,0,100
1697995947568,-105,4160,-199,0,100
1697995947675,-105,4160,-199,0,100
1697995947780,-105,4160,-199,0,100
1697995947884,-105,4160,-199,0,100
1697995947992,-105,4160,-199,0,100
1697995948097,-105,4160,-199,0,100
1697995948205,-105,4160,-199,0,100
1697995948310,-105,4160,-199,0,100
1697995948415,-105,4160,-199,0,100
1697995948521,-105,4160,-199,0,100
1697995948627,-105,4160,-199,0,100
1697995948735,-105,4160,-199,0,100
1697995948842,-105,4160,-199,0,100
1697995948947,-105,4160,-199,0,100
1697995949052,-105,4160,-199,0,100
1697995949157,-105,4160,-199,0,100
1697995949264,-105,4160,-199,0,100
1697995949371,-105,4160,-199,0,100
1697995949477,-105,4160,-199,0,100
1697995949583,-105,4160,-199,0,100
1697995949688,-105,4160,-199,0,100
1697995949793,-105,4160,-199,0,100
1697995949898,-105,4160,-199,0,100
1697995950003,-105,4160,-199,0,100
1697995950111,-105,4160,-199,0,100
1697995950216,-105,4160,-199,0,100
1697995950321,-105,4160,-199,0,100
1697995950429,-105,4160,-199,0,100
1697995950536,-105,4160,-199,0,100
1697995950644,-105,4160,-199,0,100
1697995950749,-105,4160,-199,0,100
1697995950856,-105,4160,-199,0,100
1697995950961,-105,4160,-199,0,100
1697995951070,-105,4160,-199,0,100
1697995951176,-221,4160,-173,0,100
1697995951281,-221,4160,-173,0,100
1697995951387,-221,4160,-173,0,100
1697995951493,-221,4160,-173,0,100
1697995951598,-221,4160,-173,0,100
1697995951704,-221,4160,-173,0,100
1697995951811,-221,4160,-173,0,100
1697995951917,-221,4160,-173,0,100
1697995952025,-221,4160,-173,0,100
1697995952130,-221,4160,-173,0,100
1697995952234,-221,4160,-173,0,100
1697995952339,-221,4160,-173,0,100
1697995952444,-221,4160,-173,0,100
1697995952550,-221,4160,-173,0,100
1697995952656,-221,4160,-173,0,100
1697995952762,-221,4160,-173,0,100
1697995952867,-221,4160,-173,0,100
1697995952973,-221,4160,-173,0,100
1697995953078,-221,4160,-173,0,100
1697995953184,-221,4160,-173,0,100
1697995953291,-221,4160,-173,0,100
1697995953397,-221,4160,-173,0,100
1697995953505,-221,4160,-173,0,100
1697995953611,-221,4160,-173,0,100
1697995953715,-221,4160,-173,0,100
1697995953820,-221,4160,-173,0,100
1697995953927,-221,4160,-173,0,100
1697995954032,-221,4160,-173,0,100
1697995954139,-221,4160,-173,0,100
1697995954243,-221,4160,-173,0,100
1697995954350,-221,4160,-173,0,100
1697995954457,-221,4160,-173,0,100
1697995954564,-221,4160,-173,0,100
1697995954668,-221,4160,-173,0,100
1697995954773,-221,4160,-173,0,100
1697995954880,-221,4160,-173,0,100
1697995954986,-221,4160,-173,0,100
1697995955092,-221,4160,-173,0,100
1697995955198,-221,4160,-173,0,100
1697995955305,-221,4160,-173,0,100
1697995955410,-221,4160,-173,0,100
1697995955517,-221,4160,-173,0,100
1697995955621,-221,4160,-173,0,100
1697995955726,-221,4160,-173,0,100
1697995955832,-221,4160,-173,0,100
1697995955937,-221,4160,-173,0,100
1697995956044,-221,4160,-173,0,100
1697995956149,-221,4160,-173,0,100
1697995956254,-221,4160,-173,0,100
1697995956359,-221,4160,-173,0,100
1697995956465,-221,4160,-173,0,100
1697995956571,-221,4160,-173,0,100
1697995956676,-221,4160,-173,0,100
1697995956782,-221,4160,-173,0,100
1697995956887,-221,4160,-173,0,100
1697995956992,-221,4160,-173,0,100
1697995957098,-221,4160,-173,0,100
1697995957203,-221,4160,-173,0,100
1697995957308,-221,4160,-173,0,100
1697995957416,-221,4160,-173,0,100
1697995957521,-221,4160,-173,0,100
1697995957627,-221,4160,-173,0,100
1697995957735,-221,4160,-173,0,100
1697995957842,-221,4160,-173,0,100
1697995957949,-221,4160,-173,0,100
1697995958054,-221,4160,-173,0,100
1697995958160,-221,4160,-173,0,100
1697995958270,-221,4160,-173,0,100
1697995958383,-221,4160,-173,0,100
1697995958489,-221,4160,-173,0,100
1697995958600,-221,4160,-173,0,100
1697995958707,-221,4160,-173,0,100
1697995958815,-221,4160,-173,0,100
1697995958921,-221,4160,-173,0,100
1697995959027,-221,4160,-173,0,100
1697995959133,-221,4160,-173,0,100
1697995959238,-221,4160,-173,0,100
1697995959343,-221,4160,-173,0,100
1697995959451,-221,4160,-173,0,100
1697995959556,-221,4160,-173,0,100
1697995959661,-221,4160,-173,0,100
1697995959768,-221,4160,-173,0,100
1697995959875,-221,4160,-173,0,100
1697995959980,-221,4160,-173,0,100
1697995960086,-221,4160,-173,0,100
1697995960192,-221,4160,-173,0,100
1697995960299,-221,4160,-173,0,100
1697995960406,-221,4160,-173,0,100
1697995960511,-221,4160,-173,0,100
1697995960618,-221,4160,-173,0,100
1697995960726,-221,4160,-173,0,100
1697995960831,-221,4160,-173,0,100
1697995960936,-221,4160,-173,0,100
1697995961043,-221,4160,-173,0,100
1697995961151,-221,4160,-173,0,100
1697995961258,-221,4160,-173,0,100
1697995961363,-221,4160,-173,0,100
1697995961469,-221,4160,-173,0,100
1697995961578,-221,4160,-173,0,100
1697995961683,-74,4160,-177,0,100
1697995961788,-74,4160,-177,0,100
1697995961894,-74,4160,-177,0,100
1697995961999,-74,4160,-177,0,100
1697995962104,-74,4160,-177,0,100
1697995962210,-74,4160,-177,0,100
1697995962315,-74,4160,-177,0,100
1697995962427,-74,4160,-177,0,100
1697995962533,-74,4160,-177,0,100
1697995962640,-74,4160,-177,0,100
1697995962747,-74,4160,-177,0,100
1697995962853,-74,4160,-177,0,100
1697995962959,-74,4160,-177,0,100
1697995963064,-74,4160,-177,0,100
1697995963172,-74,4160,-177,0,100
1697995963276,-74,4160,-177,0,100
1697995963383,-74,4160,-177,0,100
1697995963491,-74,4160,-177,0,100
1697995963597,-74,4160,-177,0,100
1697995963702,-74,4160,-177,0,100
1697995963809,-74,4160,-177,0,100
1697995963913,-74,4160,-177,0,100
1697995964018,-74,4160,-177,0,100
1697995964124,-74,4160,-177,0,100
1697995964230,-74,4160,-177,0,100
1697995964336,-74,4160,-177,0,100
1697995964443,-74,4160,-177,0,100
1697995964548,-74,4160,-177,0,100
1697995964655,-74,4160,-177,0,100
1697995964762,-74,4160,-177,0,100
1697995964866,-74,4160,-177,0,100
1697995964972,-74,4160,-177,0,100
1697995965076,-74,4160,-177,0,100
1697995965184,-74,4160,-177,0,100
1697995965289,-74,4160,-177,0,100
1697995965395,-74,4160,-177,0,100
1697995965502,-74,4160,-177,0,100
1697995965608,-74,4160,-177,0,100
1697995965712,-74,4160,-177,0,100
1697995965817,-74,4160,-177,0,100
1697995965922,-74,4160,-177,0,100
1697995966027,-74,4160,-177,0,100
1697995966132,-74,4160,-177,0,100
1697995966237,-74,4160,-177,0,100
1697995966343,-74,4160,-177,0,100
1697995966454,-74,4160,-177,0,100
1697995966560,-74,4160,-177,0,100
1697995966664,-74,4160,-177,0,100
1697995966768,-74,4160,-177,0,100
1697995966874,-74,4160,-177,0,100
1697995966978,-74,4160,-177,0,100
1697995967084,-74,4160,-177,0,100
1697995967191,-74,4160,-177,0,100
1697995967296,-74,4160,-177,0,100
1697995967401,-74,4160,-177,0,100
1697995967507,-74,4160,-177,0,100
1697995967617,-74,4160,-177,0,100
1697995967722,-74,4160,-177,0,100
1697995967828,-74,4160,-177,0,100
1697995967933,-74,4160,-177,0,100
1697995968038,-74,4160,-177,0,100
1697995968144,-74,4160,-177,0,100
1697995968250,-74,4160,-177,0,100
1697995968354,-74,4160,-177,0,100
1697995968460,-74,4160,-177,0,100
1697995968565,-74,4160,-177,0,100
1697995968671,-74,4160,-177,0,100
1697995968777,-74,4160,-177,0,100
1697995968884,-74,4160,-177,0,100
1697995968988,-74,4160,-177,0,100
1697995969094,-74,4160,-177,0,100
1697995969199,-74,4160,-177,0,100
1697995969304,-74,4160,-177,0,100
1697995969409,-74,4160,-177,0,100
1697995969514,-74,4160,-177,0,100
1697995969618,-74,4160,-177,0,100
1697995969723,-74,4160,-177,0,100
1697995969827,-74,4160,-177,0,100
1697995969932,-74,4160,-177,0,100
1697995970036,-74,4160,-177,0,100
1697995970141,-74,4160,-177,0,100
1697995970246,-74,4160,-177,0,100
1697995970350,-74,4160,-177,0,100
1697995970456,-74,4160,-177,0,100
1697995970562,-74,4160,-177,0,100
1697995970667,-74,4160,-177,0,100
1697995970772,-74,4160,-177,0,100
1697995970878,-74,4160,-177,0,100
1697995970982,-74,4160,-177,0,100
1697995971086,-74,4160,-177,0,100
1697995971191,-74,4160,-177,0,100
1697995971296,-74,4160,-177,0,100
1697995971400,-74,4160,-177,0,100
1697995971505,-74,4160,-177,0,100
1697995971609,-74,4160,-177,0,100
1697995971716,-74,4160,-177,0,100
1697995971821,-74,4160,-177,0,100
1697995971927,-74,4160,-177,0,100
1697995972033,-74,4160,-177,0,100
1697995972138,5,4160,-75,0,100
1697995972242,5,4160,-75,0,100
1697995972348,5,4160,-75,0,100
1697995972451,5,4160,-75,0,100
1697995972559,5,4160,-75,0,100
1697995972665,5,4160,-75,0,100
1697995972769,5,4160,-75,0,100
1697995972874,5,4160,-75,0,100
1697995972981,5,4160,-75,0,100
1697995973086,5,4160,-75,0,100
1697995973193,5,4160,-75,0,100
1697995973300,5,4160,-75,0,100
1697995973407,5,4160,-75,0,100
1697995973511,5,4160,-75,0,100
1697995973617,5,4160,-75,0,100
1697995973724,5,4160,-75,0,100
1697995973828,5,4160,-75,0,100
1697995973934,5,4160,-75,0,100
1697995974039,5,4160,-75,0,100
1697995974144,5,4160,-75,0,100
1697995974249,5,4160,-75,0,100
1697995974354,5,4160,-75,0,100
1697995974459,5,4160,-75,0,100
1697995974564,5,4160,-75,0,100
1697995974668,5,4160,-75,0,100
1697995974773,5,4160,-75,0,100
1697995974880,5,4160,-75,0,100
1697995974985,5,4160,-75,0,100
1697995975091,5,4160,-75,0,100
1697995975196,5,4160,-75,0,100
1697995975302,5,4160,-75,0,100
1697995975407,5,4160,-75,0,100
1697995975513,5,4160,-75,0,100
1697995975618,5,4160,-75,0,100
1697995975725,5,4160,-75,0,100
1697995975830,5,4160,-75,0,100
1697995975936,5,4160,-75,0,100
1697995976042,5,4160,-75,0,100
1697995976147,5,4160,-75,0,100
1697995976253,5,4160,-75,0,100
1697995976359,5,4160,-75,0,100
1697995976464,5,4160,-75,0,100
1697995976570,5,4160,-75,0,100
1697995976676,5,4160,-75,0,100
1697995976780,5,4160,-75,0,100
1697995976886,5,4160,-75,0,100
1697995976991,5,4160,-75,0,100
1697995977098,5,4160,-75,0,100
1697995977204,5,4160,-75,0,100
1697995977309,5,4160,-75,0,100
1697995977413,5,4160,-75,0,100
1697995977518,5,4160,-75,0,100
1697995977624,5,4160,-75,0,100
1697995977730,5,4160,-75,0,100
1697995977837,5,4160,-75,0,100
1697995977941,5,4160,-75,0,100
1697995978045,5,4160,-75,0,100
1697995978152,5,4160,-75,0,100
1697995978258,5,4160,-75,0,100
1697995978363,5,4160,-75,0,100
1697995978468,5,4160,-75,0,100
1697995978572,5,4160,-75,0,100
1697995978679,5,4160,-75,0,100
1697995978784,5,4160,-75,0,100
1697995978890,5,4160,-75,0,100
1697995978994,5,4160,-75,0,100
1697995979099,5,4160,-75,0,100
1697995979204,5,4160,-75,0,100
1697995979308,5,4160,-75,0,100
1697995979415,5,4160,-75,0,100
1697995979521,5,4160,-75,0,100
1697995979626,5,4160,-75,0,100
1697995979731,5,4160,-75,0,100
1697995979837,5,4160,-75,0,100
1697995979941,5,4160,-75,0,100
1697995980045,5,4160,-75,0,100
1697995980150,5,4160,-75,0,100
1697995980255,5,4160,-75,0,100
1697995980359,5,4160,-75,0,100
1697995980464,5,4160,-75,0,100
1697995980568,5,4160,-75,0,100
1697995980673,5,4160,-75,0,100
1697995980777,5,4160,-75,0,100
1697995980881,5,4160,-75,0,100
1697995980986,5,4160,-75,0,100
1697995981092,5,4160,-75,0,100
1697995981197,5,4160,-75,0,100
1697995981301,5,4160,-75,0,100
1697995981406,5,4160,-75,0,100
1697995981509,5,4160,-75,0,100
1697995981614,5,4160,-75,0,100
1697995981720,5,4160,-75,0,100
1697995981825,5,4160,-75,0,100
1697995981929,5,4160,-75,0,100
1697995982036,5,4160,-75,0,100
1697995982144,5,4160,-75,0,100
1697995982248,5,4160,-75,0,100
1697995982353,5,4160,-75,0,100
1697995982459,5,4160,-75,0,100
1697995982564,5,4160,-75,0,100
1697995982669,-121,4160,-64,0,100
1697995982774,-121,4160,-64,0,100
1697995982878,-121,4160,-64,0,100
1697995982981,-121,4160,-64,0,100
1697995983085,-121,4160,-64,0,100
1697995983192,-121,4160,-64,0,100
1697995983298,-121,4160,-64,0,100
1697995983403,-121,4160,-64,0,100
1697995983511,-121,4160,-64,0,100
1697995983619,-121,4160,-64,0,100
1697995983727,-121,4160,-64,0,100
1697995983832,-121,4160,-64,0,100
1697995983936,-121,4160,-64,0,100
1697995984042,-121,4160,-64,0,100
1697995984146,-121,4160,-64,0,100
1697995984252,-121,4160,-64,0,100
1697995984356,-121,4160,-64,0,100
1697995984461,-121,4160,-64,0,100
1697995984565,-121,4160,-64,0,100
1697995984669,-121,4160,-64,0,100
1697995984774,-121,4160,-64,0,100
1697995984879,-121,4160,-64,0,100
1697995984985,-121,4160,-64,0,100
1697995985092,-121,4160,-64,0,100
1697995985196,-121,4160,-64,0,100
1697995985300,-121,4160,-64,0,100
1697995985406,-121,4160,-64,0,100
1697995985510,-121,4160,-64,0,100
1697995985616,-121,4160,-64,0,100
1697995985720,-121,4160,-64,0,100
1697995985825,-121,4160,-64,0,100
1697995985929,-121,4160,-64,0,100
1697995986034,-121,4160,-64,0,100
1697995986138,-121,4160,-64,0,100
1697995986244,-121,4160,-64,0,100
1697995986348,-121,4160,-64,0,100
1697995986452,-121,4160,-64,0,100
1697995986556,-121,4160,-64,0,100
1697995986660,-121,4160,-64,0,100
1697995986764,-121,4160,-64,0,100
1697995986868,-121,4160,-64,0,100
1697995986979,-121,4160,-64,0,100
1697995987085,-121,4160,-64,0,100
1697995987192,-121,4160,-64,0,100
1697995987297,-121,4160,-64,0,100
1697995987402,-121,4160,-64,0,100
1697995987506,-121,4160,-64,0,100
1697995987612,-121,4160,-64,0,100
1697995987716,-121,4160,-64,0,100
1697995987821,-121,4160,-64,0,100
1697995987928,-121,4160,-64,0,100
1697995988033,-121,4160,-64,0,100
1697995988138,-121,4160,-64,0,100
1697995988244,-121,4160,-64,0,100
1697995988348,-121,4160,-64,0,100
1697995988453,-121,4160,-64,0,100
1697995988557,-121,4160,-64,0,100
1697995988664,-121,4160,-64,0,100
1697995988769,-121,4160,-64,0,100
1697995988874,-121,4160,-64,0,100
1697995988980,-121,4160,-64,0,100
1697995989084,-121,4160,-64,0,100
1697995989188,-121,4160,-64,0,100
1697995989295,-121,4160,-64,0,100
1697995989400,-121,4160,-64,0,100
1697995989505,-121,4160,-64,0,100
1697995989610,-121,4160,-64,0,100
1697995989716,-121,4160,-64,0,100
1697995989820,-121,4160,-64,0,100
1697995989927,-121,4160,-64,0,100
1697995990034,-121,4160,-64,0,100
1697995990139,-121,4160,-64,0,100
1697995990245,-121,4160,-64,0,100
1697995990351,-121,4160,-64,0,100
1697995990455,-121,4160,-64,0,100
1697995990559,-121,4160,-64,0,100
1697995990665,-121,4160,-64,0,100
1697995990769,-121,4160,-64,0,100
1697995990873,-121,4160,-64,0,100
1697995990979,-121,4160,-64,0,100
1697995991084,-121,4160,-64,0,100
1697995991189,-121,4160,-64,0,100
1697995991295,-121,4160,-64,0,100
1697995991399,-121,4160,-64,0,100
1697995991503,-121,4160,-64,0,100
1697995991609,-121,4160,-64,0,100
1697995991713,-121,4160,-64,0,100
1697995991820,-121,4160,-64,0,100
1697995991925,-121,4160,-64,0,100
1697995992029,-121,4160,-64,0,100
1697995992134,-121,4160,-64,0,100
1697995992239,-121,4160,-64,0,100
1697995992343,-121,4160,-64,0,100
1697995992449,-121,4160,-64,0,100
1697995992555,-121,4160,-64,0,100
1697995992660,-121,4160,-64,0,100
1697995992763,-121,4160,-64,0,100
1697995992868,-121,4160,-64,0,100
1697995992972,-121,4160,-64,0,100
1697995993078,-121,4160,-64,0,100
1697995993183,-26,4160,-56,0,100
1697995993288,-26,4160,-56,0,100
1697995993393,-26,4160,-56,0,100
1697995993499,-26,4160,-56,0,100
1697995993604,-26,4160,-56,0,100
1697995993709,-26,4160,-56,0,100
1697995993814,-26,4160,-56,0,100
1697995993918,-26,4160,-56,0,100
1697995994022,-26,4160,-56,0,100
1697995994128,-26,4160,-56,0,100
1697995994233,-26,4160,-56,0,100
1697995994337,-26,4160,-56,0,100
1697995994441,-26,4160,-56,0,100
1697995994545,-26,4160,-56,0,100
1697995994649,-26,4160,-56,0,100
1697995994753,-26,4160,-56,0,100
1697995994859,-26,4160,-56,0,100
1697995994964,-26,4160,-56,0,100
1697995995070,-26,4160,-56,0,100
1697995995174,-26,4160,-56,0,100
1697995995278,-26,4160,-56,0,100
1697995995382,-26,4160,-56,0,100
1697995995487,-26,4160,-56,0,100
1697995995591,-26,4160,-56,0,100
1697995995695,-26,4160,-56,0,100
1697995995800,-26,4160,-56,0,100
1697995995905,-26,4160,-56,0,100
1697995996010,-26,4160,-56,0,100
1697995996114,-26,4160,-56,0,100
1697995996220,-26,4160,-56,0,100
1697995996324,-26,4160,-56,0,100
1697995996429,-26,4160,-56,0,100
1697995996534,-26,4160,-56,0,100
1697995996639,-26,4160,-56,0,100
1697995996745,-26,4160,-56,0,100
1697995996849,-26,4160,-56,0,100
1697995996954,-26,4160,-56,0,100
1697995997059,-26,4160,-56,0,100
1697995997165,-26,4160,-56,0,100
1697995997270,-26,4160,-56,0,100
1697995997374,-26,4160,-56,0,100
1697995997478,-26,4160,-56,0,100
1697995997581,-26,4160,-56,0,100
1697995997688,-26,4160,-56,0,100
1697995997794,-26,4160,-56,0,100
1697995997899,-26,4160,-56,0,100
1697995998004,-26,4160,-56,0,100
1697995998110,-26,4160,-56,0,100
1697995998213,-26,4160,-56,0,100
1697995998322,-26,4160,-56,0,100
1697995998427,-26,4160,-56,0,100
1697995998531,-26,4160,-56,0,100
1697995998635,-26,4160,-56,0,100
1697995998739,-26,4160,-56,0,100
1697995998844,-26,4160,-56,0,100
1697995998949,-26,4160,-56,0,100
1697995999053,-26,4160,-56,0,100
1697995999159,-26,4160,-56,0,100
1697995999264,-26,4160,-56,0,100
1697995999368,-26,4160,-56,0,100
1697995999475,-26,4160,-56,0,100
1697995999582,-26,4160,-56,0,100
1697995999686,-26,4160,-56,0,100
1697995999792,-26,4160,-56,0,100
1697995999897,-26,4160,-56,0,100
1697996000001,-26,4160,-56,0,100
1697996000107,-26,4160,-56,0,100
1697996000213,-26,4160,-56,0,100
1697996000317,-26,4160,-56,0,100
1697996000422,-26,4160,-56,0,100
1697996000528,-26,4160,-56,0,100
1697996000632,-26,4160,-56,0,100
1697996000735,-26,4160,-56,0,100
1697996000843,-26,4160,-56,0,100
1697996000948,-26,4160,-56,0,100
1697996001053,-26,4160,-56,0,100
1697996001159,-26,4160,-56,0,100
1697996001264,-26,4160,-56,0,100
1697996001368,-26,4160,-56,0,100
1697996001472,-26,4160,-56,0,100
1697996001578,-26,4160,-56,0,100
1697996001682,-26,4160,-56,0,100
1697996001787,-26,4160,-56,0,100
1697996001894,-26,4160,-56,0,100
1697996001998,-26,4160,-56,0,100
1697996002103,-26,4160,-56,0,100
1697996002208,-26,4160,-56,0,100
1697996002313,-26,4160,-56,0,100
1697996002417,-26,4160,-56,0,100
1697996002521,-26,4160,-56,0,100
1697996002631,-26,4160,-56,0,100
1697996002740,-26,4160,-56,0,100
1697996002845,-26,4160,-56,0,100
1697996002950,-26,4160,-56,0,100
1697996003053,-26,4160,-56,0,100
1697996003161,-26,4160,-56,0,100
1697996003265,-26,4160,-56,0,100
1697996003369,-26,4160,-56,0,100
1697996003474,-26,4160,-56,0,100
1697996003579,-92,4160,-39,0,100
1697996003685,-92,4160,-39,0,100
1697996003790,-92,4160,-39,0,100
1697996003897,-92,4160,-39,0,100
1697996004001,-92,4160,-39,0,100
1697996004108,-92,4160,-39,0,100
1697996004215,-92,4160,-39,0,100
1697996004320,-92,4160,-39,0,100
1697996004427,-92,4160,-39,0,100
1697996004531,-92,4160,-39,0,100
1697996004636,-92,4160,-39,0,100
1697996004741,-92,4160,-39,0,100
1697996004846,-92,4160,-39,0,100
1697996004951,-92,4160,-39,0,100
1697996005055,-92,4160,-39,0,100
1697996005159,-92,4160,-39,0,100
1697996005263,-92,4160,-39,0,100
1697996005369,-92,4160,-39,0,100
1697996005473,-92,4160,-39,0,100
1697996005576,-92,4160,-39,0,100
1697996005681,-92,4160,-39,0,100
1697996005787,-92,4160,-39,0,100
1697996005892,-92,4160,-39,0,100
1697996005997,-92,4160,-39,0,100
1697996006101,-92,4160,-39,0,100
1697996006206,-92,4160,-39,0,100
1697996006309,-92,4160,-39,0,100
1697996006417,-92,4160,-39,0,100
1697996006522,-92,4160,-39,0,100
1697996006626,-92,4160,-39,0,100
1697996006731,-92,4160,-39,0,100
1697996006836,-92,4160,-39,0,100
1697996006940,-92,4160,-39,0,100
1697996007044,-92,4160,-39,0,100
1697996007149,-92,4160,-39,0,100
1697996007253,-92,4160,-39,0,100
1697996007360,-92,4160,-39,0,100
1697996007468,-92,4160,-39,0,100
1697996007576,-92,4160,-39,0,100
1697996007681,-92,4160,-39,0,100
1697996007785,-92,4160,-39,0,100
1697996007892,-92,4160,-39,0,100
1697996007997,-92,4160,-39,0,100
1697996008101,-92,4160,-39,0,100
1697996008205,-92,4160,-39,0,100
1697996008310,-92,4160,-39,0,100
1697996008415,-92,4160,-39,0,100
1697996008521,-92,4160,-39,0,100
1697996008625,-92,4160,-39,0,100
1697996008729,-92,4160,-39,0,100
1697996008833,-92,4160,-39,0,100
1697996008937,-92,4160,-39,0,100
1697996009041,-92,4160,-39,0,100
1697996009145,-92,4160,-39,0,100
1697996009252,-92,4160,-39,0,100
1697996009356,-92,4160,-39,0,100
1697996009460,-92,4160,-39,0,100
1697996009565,-92,4160,-39,0,100
1697996009671,-92,4160,-39,0,100
1697996009775,-92,4160,-39,0,100
1697996009880,-92,4160,-39,0,100
1697996009985,-92,4160,-39,0,100
1697996010091,-92,4160,-39,0,100
1697996010195,-92,4160,-39,0,100
1697996010299,-92,4160,-39,0,100
1697996010406,-92,4160,-39,0,100
1697996010512,-92,4160,-39,0,100
1697996010618,-92,4160,-39,0,100
1697996010722,-92,4160,-39,0,100
1697996010826,-92,4160,-39,0,100
1697996010930,-92,4160,-39,0,100
1697996011036,-92,4160,-39,0,100
1697996011140,-92,4160,-39,0,100
1697996011244,-92,4160,-39,0,100
1697996011347,-92,4160,-39,0,100
1697996011454,-92,4160,-39,0,100
1697996011559,-92,4160,-39,0,100
1697996011663,-92,4160,-39,0,100
1697996011768,-92,4160,-39,0,100
1697996011874,-92,4160,-39,0,100
1697996011980,-92,4160,-39,0,100
1697996012086,-92,4160,-39,0,100
1697996012191,-92,4160,-39,0,100
1697996012296,-92,4160,-39,0,100
1697996012399,-92,4160,-39,0,100
1697996012505,-92,4160,-39,0,100
1697996012610,-92,4160,-39,0,100
1697996012714,-92,4160,-39,0,100
1697996012819,-92,4160,-39,0,100
1697996012924,-92,4160,-39,0,100
1697996013029,-92,4160,-39,0,100
1697996013134,-92,4160,-39,0,100
1697996013239,-92,4160,-39,0,100
1697996013343,-92,4160,-39,0,100
1697996013447,-92,4160,-39,0,100
1697996013555,-92,4160,-39,0,100
1697996013658,-92,4160,-39,0,100
1697996013761,-92,4160,-39,0,100
1697996013866,-92,4160,-39,0,100
1697996013971,-92,4160,-39,0,100
1697996014076,-136,4160,-61,0,100
1697996014182,-136,4160,-61,0,100
1697996014289,-136,4160,-61,0,100
1697996014394,-136,4160,-61,0,100
1697996014498,-136,4160,-61,0,100
1697996014604,-136,4160,-61,0,100
1697996014708,-136,4160,-61,0,100
1697996014811,-136,4160,-61,0,100
1697996014922,-136,4160,-61,0,100
1697996015027,-136,4160,-61,0,100
1697996015132,-136,4160,-61,0,100
1697996015237,-136,4160,-61,0,100
1697996015344,-136,4160,-61,0,100
1697996015450,-136,4160,-61,0,100
1697996015555,-136,4160,-61,0,100
1697996015660,-136,4160,-61,0,100
1697996015763,-136,4160,-61,0,100
1697996015867,-136,4160,-61,0,100
1697996015973,-136,4160,-61,0,100
1697996016078,-136,4160,-61,0,100
1697996016183,-136,4160,-61,0,100
1697996016286,-136,4160,-61,0,100
1697996016392,-136,4160,-61,0,100
1697996016497,-136,4160,-61,0,100
1697996016602,-136,4160,-61,0,100
1697996016708,-136,4160,-61,0,100
1697996016812,-136,4160,-61,0,100
1697996016916,-136,4160,-61,0,100
1697996017020,-136,4160,-61,0,100
1697996017126,-136,4160,-61,0,100
1697996017234,-136,4160,-61,0,100
1697996017341,-136,4160,-61,0,100
1697996017446,-136,4160,-61,0,100
1697996017552,-136,4160,-61,0,100
1697996017656,-136,4160,-61,0,100
1697996017761,-136,4160,-61,0,100
1697996017866,-136,4160,-61,0,100
1697996017970,-136,4160,-61,0,100
1697996018076,-136,4160,-61,0,100
1697996018183,-136,4160,-61,0,100
1697996018288,-136,4160,-61,0,100
1697996018394,-136,4160,-61,0,100
1697996018497,-136,4160,-61,0,100
1697996018601,-136,4160,-61,0,100
1697996018708,-136,4160,-61,0,100
1697996018812,-136,4160,-61,0,100
1697996018917,-136,4160,-61,0,100
1697996019027,-136,4160,-61,0,100
1697996019131,-136,4160,-61,0,100
1697996019235,-136,4160,-61,0,100
1697996019340,-136,4160,-61,0,100
1697996019445,-136,4160,-61,0,100
1697996019550,-136,4160,-61,0,100
